{
  "Object": {
    "PythonTypeName": "object",
    "IsPythonPrimitiveType": false,
    "IsDateTime": false
  },
  "DateTime": {
    "PythonTypeName": "datetime",
    "IsPythonPrimitiveType": true,
    "IsDateTime": true
  },
  "Single": {
    "PythonTypeName": "float",
    "IsPythonPrimitiveType": true,
    "IsDateTime": false
  },
  "Decimal": {
    "PythonTypeName": "float",
    "IsPythonPrimitiveType": true,
    "IsDateTime": false
  },
  "Double": {
    "PythonTypeName": "float",
    "IsPythonPrimitiveType": true,
    "IsDateTime": false
  },
  "String": {
    "PythonTypeName": "str",
    "IsPythonPrimitiveType": true,
    "IsDateTime": false
  },
  "Int16": {
    "PythonTypeName": "int",
    "IsPythonPrimitiveType": true,
    "IsDateTime": false
  },
  "Int32": {
    "PythonTypeName": "int",
    "IsPythonPrimitiveType": true,
    "IsDateTime": false
  },
  "Int64": {
    "PythonTypeName": "int",
    "IsPythonPrimitiveType": true,
    "IsDateTime": false
  },
  "Boolean": {
    "PythonTypeName": "bool",
    "IsPythonPrimitiveType": true,
    "IsDateTime": false
  }
}