{
  "AdditionalImportStatements": "",
  "AdditionalCodeAtStart": "",
  "AdditionalCodeAtEnd": "",
  "Objects": [
    {
      "Name": "Auto",
      "PythonName": "Auto",
      "BaseClassName": "Object",
      "BaseClassPythonName": "object",
      "ObjectPropertyCollection": [
        {
          "Name": "Make",
          "FullName": "Auto.Make",
          "PythonName": "Make",
          "TypeName": "String",
          "PythonTypeName": "str",
          "IsCollection": false,
          "IsCollectionOf": null,
          "IsCollectionOfPrimitiveType": false,
          "IsCollectionOfPythonType": null,
          "IsPythonPrimitiveType": true,
          "IsEnumeration": false,
          "IsDateTime": false,
          "Generate": true,
          "Order": 0,
          "UseInCreateMethod": true,
          "CreateMethodParameterOrder": 0,
          "DefaultValue": "",
          "WasNotDeclaredInThisClass": false,
          "CodeForGetter": "",
          "GenerateGetter": true,
          "CodeForSetter": "",
          "GenerateSetter": true
        },
        {
          "Name": "Model",
          "FullName": "Auto.Model",
          "PythonName": "Model",
          "TypeName": "String",
          "PythonTypeName": "str",
          "IsCollection": false,
          "IsCollectionOf": null,
          "IsCollectionOfPrimitiveType": false,
          "IsCollectionOfPythonType": null,
          "IsPythonPrimitiveType": true,
          "IsEnumeration": false,
          "IsDateTime": false,
          "Generate": true,
          "Order": 1,
          "UseInCreateMethod": true,
          "CreateMethodParameterOrder": 1,
          "DefaultValue": "",
          "WasNotDeclaredInThisClass": false,
          "CodeForGetter": "",
          "GenerateGetter": true,
          "CodeForSetter": "",
          "GenerateSetter": true
        },
        {
          "Name": "Year",
          "FullName": "Auto.Year",
          "PythonName": "Year",
          "TypeName": "Int32",
          "PythonTypeName": "int",
          "IsCollection": false,
          "IsCollectionOf": null,
          "IsCollectionOfPrimitiveType": false,
          "IsCollectionOfPythonType": null,
          "IsPythonPrimitiveType": true,
          "IsEnumeration": false,
          "IsDateTime": false,
          "Generate": true,
          "Order": 2,
          "UseInCreateMethod": true,
          "CreateMethodParameterOrder": 2,
          "DefaultValue": "",
          "WasNotDeclaredInThisClass": false,
          "CodeForGetter": "",
          "GenerateGetter": true,
          "CodeForSetter": "",
          "GenerateSetter": true
        }
      ],
      "Generate": true,
      "Order": 0,
      "NeedsPythonCollectionClass": false,
      "GenerateCreateMethod": true,
      "CreateMethodName": "createAuto",
      "CodeForClass": "",
      "AdditionalCode": "",
      "CodeForCollectionClass": ""
    },
    {
      "Name": "Capital",
      "PythonName": "Capital",
      "BaseClassName": "Object",
      "BaseClassPythonName": "object",
      "ObjectPropertyCollection": [
        {
          "Name": "Gains",
          "FullName": "Capital.Gains",
          "PythonName": "Gains",
          "TypeName": "Single",
          "PythonTypeName": "float",
          "IsCollection": false,
          "IsCollectionOf": null,
          "IsCollectionOfPrimitiveType": false,
          "IsCollectionOfPythonType": null,
          "IsPythonPrimitiveType": true,
          "IsEnumeration": false,
          "IsDateTime": false,
          "Generate": true,
          "Order": 0,
          "UseInCreateMethod": true,
          "CreateMethodParameterOrder": 0,
          "DefaultValue": "",
          "WasNotDeclaredInThisClass": false,
          "CodeForGetter": "",
          "GenerateGetter": true,
          "CodeForSetter": "",
          "GenerateSetter": true
        },
        {
          "Name": "Loss",
          "FullName": "Capital.Loss",
          "PythonName": "Loss",
          "TypeName": "Single",
          "PythonTypeName": "float",
          "IsCollection": false,
          "IsCollectionOf": null,
          "IsCollectionOfPrimitiveType": false,
          "IsCollectionOfPythonType": null,
          "IsPythonPrimitiveType": true,
          "IsEnumeration": false,
          "IsDateTime": false,
          "Generate": true,
          "Order": 1,
          "UseInCreateMethod": true,
          "CreateMethodParameterOrder": 1,
          "DefaultValue": "",
          "WasNotDeclaredInThisClass": false,
          "CodeForGetter": "",
          "GenerateGetter": true,
          "CodeForSetter": "",
          "GenerateSetter": true
        }
      ],
      "Generate": true,
      "Order": 1,
      "NeedsPythonCollectionClass": false,
      "GenerateCreateMethod": true,
      "CreateMethodName": "createCapital",
      "CodeForClass": "",
      "AdditionalCode": "",
      "CodeForCollectionClass": ""
    },
    {
      "Name": "Incident",
      "PythonName": "Incident",
      "BaseClassName": "Object",
      "BaseClassPythonName": "object",
      "ObjectPropertyCollection": [
        {
          "Name": "City",
          "FullName": "Incident.City",
          "PythonName": "City",
          "TypeName": "String",
          "PythonTypeName": "str",
          "IsCollection": false,
          "IsCollectionOf": null,
          "IsCollectionOfPrimitiveType": false,
          "IsCollectionOfPythonType": null,
          "IsPythonPrimitiveType": true,
          "IsEnumeration": false,
          "IsDateTime": false,
          "Generate": true,
          "Order": 0,
          "UseInCreateMethod": true,
          "CreateMethodParameterOrder": 0,
          "DefaultValue": "",
          "WasNotDeclaredInThisClass": false,
          "CodeForGetter": "",
          "GenerateGetter": true,
          "CodeForSetter": "",
          "GenerateSetter": true
        },
        {
          "Name": "Date",
          "FullName": "Incident.Date",
          "PythonName": "Date",
          "TypeName": "DateTime",
          "PythonTypeName": "datetime",
          "IsCollection": false,
          "IsCollectionOf": null,
          "IsCollectionOfPrimitiveType": false,
          "IsCollectionOfPythonType": null,
          "IsPythonPrimitiveType": true,
          "IsEnumeration": false,
          "IsDateTime": true,
          "Generate": true,
          "Order": 1,
          "UseInCreateMethod": true,
          "CreateMethodParameterOrder": 1,
          "DefaultValue": "",
          "WasNotDeclaredInThisClass": false,
          "CodeForGetter": "",
          "GenerateGetter": true,
          "CodeForSetter": "",
          "GenerateSetter": true
        },
        {
          "Name": "HourOfTheDay",
          "FullName": "Incident.HourOfTheDay",
          "PythonName": "HourOfTheDay",
          "TypeName": "Int32",
          "PythonTypeName": "int",
          "IsCollection": false,
          "IsCollectionOf": null,
          "IsCollectionOfPrimitiveType": false,
          "IsCollectionOfPythonType": null,
          "IsPythonPrimitiveType": true,
          "IsEnumeration": false,
          "IsDateTime": false,
          "Generate": true,
          "Order": 2,
          "UseInCreateMethod": true,
          "CreateMethodParameterOrder": 2,
          "DefaultValue": "",
          "WasNotDeclaredInThisClass": false,
          "CodeForGetter": "",
          "GenerateGetter": true,
          "CodeForSetter": "",
          "GenerateSetter": true
        },
        {
          "Name": "Location",
          "FullName": "Incident.Location",
          "PythonName": "Location",
          "TypeName": "String",
          "PythonTypeName": "str",
          "IsCollection": false,
          "IsCollectionOf": null,
          "IsCollectionOfPrimitiveType": false,
          "IsCollectionOfPythonType": null,
          "IsPythonPrimitiveType": true,
          "IsEnumeration": false,
          "IsDateTime": false,
          "Generate": true,
          "Order": 3,
          "UseInCreateMethod": true,
          "CreateMethodParameterOrder": 3,
          "DefaultValue": "",
          "WasNotDeclaredInThisClass": false,
          "CodeForGetter": "",
          "GenerateGetter": true,
          "CodeForSetter": "",
          "GenerateSetter": true
        },
        {
          "Name": "Severity",
          "FullName": "Incident.Severity",
          "PythonName": "Severity",
          "TypeName": "IncidentSeverityEnum",
          "PythonTypeName": "IncidentSeverityEnum",
          "IsCollection": false,
          "IsCollectionOf": null,
          "IsCollectionOfPrimitiveType": false,
          "IsCollectionOfPythonType": null,
          "IsPythonPrimitiveType": false,
          "IsEnumeration": true,
          "IsDateTime": false,
          "Generate": true,
          "Order": 4,
          "UseInCreateMethod": true,
          "CreateMethodParameterOrder": 4,
          "DefaultValue": "",
          "WasNotDeclaredInThisClass": false,
          "CodeForGetter": "",
          "GenerateGetter": true,
          "CodeForSetter": "",
          "GenerateSetter": true
        },
        {
          "Name": "State",
          "FullName": "Incident.State",
          "PythonName": "State",
          "TypeName": "String",
          "PythonTypeName": "str",
          "IsCollection": false,
          "IsCollectionOf": null,
          "IsCollectionOfPrimitiveType": false,
          "IsCollectionOfPythonType": null,
          "IsPythonPrimitiveType": true,
          "IsEnumeration": false,
          "IsDateTime": false,
          "Generate": true,
          "Order": 5,
          "UseInCreateMethod": true,
          "CreateMethodParameterOrder": 5,
          "DefaultValue": "",
          "WasNotDeclaredInThisClass": false,
          "CodeForGetter": "",
          "GenerateGetter": true,
          "CodeForSetter": "",
          "GenerateSetter": true
        },
        {
          "Name": "Type",
          "FullName": "Incident.Type",
          "PythonName": "Type",
          "TypeName": "IncidentEnum",
          "PythonTypeName": "IncidentEnum",
          "IsCollection": false,
          "IsCollectionOf": null,
          "IsCollectionOfPrimitiveType": false,
          "IsCollectionOfPythonType": null,
          "IsPythonPrimitiveType": false,
          "IsEnumeration": true,
          "IsDateTime": false,
          "Generate": true,
          "Order": 6,
          "UseInCreateMethod": true,
          "CreateMethodParameterOrder": 6,
          "DefaultValue": "",
          "WasNotDeclaredInThisClass": false,
          "CodeForGetter": "",
          "GenerateGetter": true,
          "CodeForSetter": "",
          "GenerateSetter": true
        }
      ],
      "Generate": true,
      "Order": 2,
      "NeedsPythonCollectionClass": false,
      "GenerateCreateMethod": true,
      "CreateMethodName": "createIncident",
      "CodeForClass": "",
      "AdditionalCode": "",
      "CodeForCollectionClass": ""
    },
    {
      "Name": "Insured",
      "PythonName": "Insured",
      "BaseClassName": "Object",
      "BaseClassPythonName": "object",
      "ObjectPropertyCollection": [
        {
          "Name": "EducationLevel",
          "FullName": "Insured.EducationLevel",
          "PythonName": "EducationLevel",
          "TypeName": "EducationLevelEnum",
          "PythonTypeName": "EducationLevelEnum",
          "IsCollection": false,
          "IsCollectionOf": null,
          "IsCollectionOfPrimitiveType": false,
          "IsCollectionOfPythonType": null,
          "IsPythonPrimitiveType": false,
          "IsEnumeration": true,
          "IsDateTime": false,
          "Generate": true,
          "Order": 0,
          "UseInCreateMethod": false,
          "CreateMethodParameterOrder": 0,
          "DefaultValue": "",
          "WasNotDeclaredInThisClass": false,
          "CodeForGetter": "",
          "GenerateGetter": true,
          "CodeForSetter": "",
          "GenerateSetter": true
        },
        {
          "Name": "Hobbies",
          "FullName": "Insured.Hobbies",
          "PythonName": "Hobbies",
          "TypeName": "String",
          "PythonTypeName": "str",
          "IsCollection": false,
          "IsCollectionOf": null,
          "IsCollectionOfPrimitiveType": false,
          "IsCollectionOfPythonType": null,
          "IsPythonPrimitiveType": true,
          "IsEnumeration": false,
          "IsDateTime": false,
          "Generate": true,
          "Order": 1,
          "UseInCreateMethod": true,
          "CreateMethodParameterOrder": 1,
          "DefaultValue": "",
          "WasNotDeclaredInThisClass": false,
          "CodeForGetter": "",
          "GenerateGetter": true,
          "CodeForSetter": "",
          "GenerateSetter": true
        },
        {
          "Name": "Occupation",
          "FullName": "Insured.Occupation",
          "PythonName": "Occupation",
          "TypeName": "String",
          "PythonTypeName": "str",
          "IsCollection": false,
          "IsCollectionOf": null,
          "IsCollectionOfPrimitiveType": false,
          "IsCollectionOfPythonType": null,
          "IsPythonPrimitiveType": true,
          "IsEnumeration": false,
          "IsDateTime": false,
          "Generate": true,
          "Order": 2,
          "UseInCreateMethod": true,
          "CreateMethodParameterOrder": 2,
          "DefaultValue": "",
          "WasNotDeclaredInThisClass": false,
          "CodeForGetter": "",
          "GenerateGetter": true,
          "CodeForSetter": "",
          "GenerateSetter": true
        },
        {
          "Name": "Relationship",
          "FullName": "Insured.Relationship",
          "PythonName": "Relationship",
          "TypeName": "RelationshipEnum",
          "PythonTypeName": "RelationshipEnum",
          "IsCollection": false,
          "IsCollectionOf": null,
          "IsCollectionOfPrimitiveType": false,
          "IsCollectionOfPythonType": null,
          "IsPythonPrimitiveType": false,
          "IsEnumeration": true,
          "IsDateTime": false,
          "Generate": true,
          "Order": 3,
          "UseInCreateMethod": true,
          "CreateMethodParameterOrder": 3,
          "DefaultValue": "",
          "WasNotDeclaredInThisClass": false,
          "CodeForGetter": "",
          "GenerateGetter": true,
          "CodeForSetter": "",
          "GenerateSetter": true
        },
        {
          "Name": "Sex",
          "FullName": "Insured.Sex",
          "PythonName": "Sex",
          "TypeName": "SexEnum",
          "PythonTypeName": "SexEnum",
          "IsCollection": false,
          "IsCollectionOf": null,
          "IsCollectionOfPrimitiveType": false,
          "IsCollectionOfPythonType": null,
          "IsPythonPrimitiveType": false,
          "IsEnumeration": true,
          "IsDateTime": false,
          "Generate": true,
          "Order": 4,
          "UseInCreateMethod": true,
          "CreateMethodParameterOrder": 4,
          "DefaultValue": "",
          "WasNotDeclaredInThisClass": false,
          "CodeForGetter": "",
          "GenerateGetter": true,
          "CodeForSetter": "",
          "GenerateSetter": true
        },
        {
          "Name": "Zip",
          "FullName": "Insured.Zip",
          "PythonName": "Zip",
          "TypeName": "String",
          "PythonTypeName": "str",
          "IsCollection": false,
          "IsCollectionOf": null,
          "IsCollectionOfPrimitiveType": false,
          "IsCollectionOfPythonType": null,
          "IsPythonPrimitiveType": true,
          "IsEnumeration": false,
          "IsDateTime": false,
          "Generate": true,
          "Order": 5,
          "UseInCreateMethod": true,
          "CreateMethodParameterOrder": 5,
          "DefaultValue": "",
          "WasNotDeclaredInThisClass": false,
          "CodeForGetter": "",
          "GenerateGetter": true,
          "CodeForSetter": "",
          "GenerateSetter": true
        }
      ],
      "Generate": true,
      "Order": 3,
      "NeedsPythonCollectionClass": false,
      "GenerateCreateMethod": true,
      "CreateMethodName": "createInsured",
      "CodeForClass": "",
      "AdditionalCode": "",
      "CodeForCollectionClass": ""
    },
    {
      "Name": "Policy",
      "PythonName": "Policy",
      "BaseClassName": "Object",
      "BaseClassPythonName": "object",
      "ObjectPropertyCollection": [
        {
          "Name": "AnnualPremium",
          "FullName": "Policy.AnnualPremium",
          "PythonName": "AnnualPremium",
          "TypeName": "Single",
          "PythonTypeName": "float",
          "IsCollection": false,
          "IsCollectionOf": null,
          "IsCollectionOfPrimitiveType": false,
          "IsCollectionOfPythonType": null,
          "IsPythonPrimitiveType": true,
          "IsEnumeration": false,
          "IsDateTime": false,
          "Generate": true,
          "Order": 0,
          "UseInCreateMethod": true,
          "CreateMethodParameterOrder": 0,
          "DefaultValue": "",
          "WasNotDeclaredInThisClass": false,
          "CodeForGetter": "",
          "GenerateGetter": true,
          "CodeForSetter": "",
          "GenerateSetter": true
        },
        {
          "Name": "BindDate",
          "FullName": "Policy.BindDate",
          "PythonName": "BindDate",
          "TypeName": "DateTime",
          "PythonTypeName": "datetime",
          "IsCollection": false,
          "IsCollectionOf": null,
          "IsCollectionOfPrimitiveType": false,
          "IsCollectionOfPythonType": null,
          "IsPythonPrimitiveType": true,
          "IsEnumeration": false,
          "IsDateTime": true,
          "Generate": true,
          "Order": 1,
          "UseInCreateMethod": true,
          "CreateMethodParameterOrder": 1,
          "DefaultValue": "",
          "WasNotDeclaredInThisClass": false,
          "CodeForGetter": "",
          "GenerateGetter": true,
          "CodeForSetter": "",
          "GenerateSetter": true
        },
        {
          "Name": "Csl",
          "FullName": "Policy.Csl",
          "PythonName": "Csl",
          "TypeName": "CslEnum",
          "PythonTypeName": "CslEnum",
          "IsCollection": false,
          "IsCollectionOf": null,
          "IsCollectionOfPrimitiveType": false,
          "IsCollectionOfPythonType": null,
          "IsPythonPrimitiveType": false,
          "IsEnumeration": true,
          "IsDateTime": false,
          "Generate": true,
          "Order": 2,
          "UseInCreateMethod": true,
          "CreateMethodParameterOrder": 2,
          "DefaultValue": "",
          "WasNotDeclaredInThisClass": false,
          "CodeForGetter": "",
          "GenerateGetter": true,
          "CodeForSetter": "",
          "GenerateSetter": true
        },
        {
          "Name": "Deductable",
          "FullName": "Policy.Deductable",
          "PythonName": "Deductable",
          "TypeName": "Single",
          "PythonTypeName": "float",
          "IsCollection": false,
          "IsCollectionOf": null,
          "IsCollectionOfPrimitiveType": false,
          "IsCollectionOfPythonType": null,
          "IsPythonPrimitiveType": true,
          "IsEnumeration": false,
          "IsDateTime": false,
          "Generate": true,
          "Order": 3,
          "UseInCreateMethod": true,
          "CreateMethodParameterOrder": 3,
          "DefaultValue": "",
          "WasNotDeclaredInThisClass": false,
          "CodeForGetter": "",
          "GenerateGetter": true,
          "CodeForSetter": "",
          "GenerateSetter": true
        },
        {
          "Name": "Number",
          "FullName": "Policy.Number",
          "PythonName": "Number",
          "TypeName": "String",
          "PythonTypeName": "str",
          "IsCollection": false,
          "IsCollectionOf": null,
          "IsCollectionOfPrimitiveType": false,
          "IsCollectionOfPythonType": null,
          "IsPythonPrimitiveType": true,
          "IsEnumeration": false,
          "IsDateTime": false,
          "Generate": true,
          "Order": 4,
          "UseInCreateMethod": true,
          "CreateMethodParameterOrder": 4,
          "DefaultValue": "",
          "WasNotDeclaredInThisClass": false,
          "CodeForGetter": "",
          "GenerateGetter": true,
          "CodeForSetter": "",
          "GenerateSetter": true
        },
        {
          "Name": "State",
          "FullName": "Policy.State",
          "PythonName": "State",
          "TypeName": "String",
          "PythonTypeName": "str",
          "IsCollection": false,
          "IsCollectionOf": null,
          "IsCollectionOfPrimitiveType": false,
          "IsCollectionOfPythonType": null,
          "IsPythonPrimitiveType": true,
          "IsEnumeration": false,
          "IsDateTime": false,
          "Generate": true,
          "Order": 5,
          "UseInCreateMethod": true,
          "CreateMethodParameterOrder": 5,
          "DefaultValue": "",
          "WasNotDeclaredInThisClass": false,
          "CodeForGetter": "",
          "GenerateGetter": true,
          "CodeForSetter": "",
          "GenerateSetter": true
        }
      ],
      "Generate": true,
      "Order": 4,
      "NeedsPythonCollectionClass": false,
      "GenerateCreateMethod": true,
      "CreateMethodName": "createPolicy",
      "CodeForClass": "",
      "AdditionalCode": "",
      "CodeForCollectionClass": ""
    },
    {
      "Name": "Property",
      "PythonName": "Property",
      "BaseClassName": "Object",
      "BaseClassPythonName": "object",
      "ObjectPropertyCollection": [
        {
          "Name": "Claim",
          "FullName": "Property.Claim",
          "PythonName": "Claim",
          "TypeName": "Single",
          "PythonTypeName": "float",
          "IsCollection": false,
          "IsCollectionOf": null,
          "IsCollectionOfPrimitiveType": false,
          "IsCollectionOfPythonType": null,
          "IsPythonPrimitiveType": true,
          "IsEnumeration": false,
          "IsDateTime": false,
          "Generate": true,
          "Order": 0,
          "UseInCreateMethod": true,
          "CreateMethodParameterOrder": 0,
          "DefaultValue": "",
          "WasNotDeclaredInThisClass": false,
          "CodeForGetter": "",
          "GenerateGetter": true,
          "CodeForSetter": "",
          "GenerateSetter": true
        },
        {
          "Name": "Damage",
          "FullName": "Property.Damage",
          "PythonName": "Damage",
          "TypeName": "ExtendedBoolean",
          "PythonTypeName": "ExtendedBoolean",
          "IsCollection": false,
          "IsCollectionOf": null,
          "IsCollectionOfPrimitiveType": false,
          "IsCollectionOfPythonType": null,
          "IsPythonPrimitiveType": false,
          "IsEnumeration": true,
          "IsDateTime": false,
          "Generate": true,
          "Order": 1,
          "UseInCreateMethod": true,
          "CreateMethodParameterOrder": 1,
          "DefaultValue": "",
          "WasNotDeclaredInThisClass": false,
          "CodeForGetter": "",
          "GenerateGetter": true,
          "CodeForSetter": "",
          "GenerateSetter": true
        }
      ],
      "Generate": true,
      "Order": 5,
      "NeedsPythonCollectionClass": false,
      "GenerateCreateMethod": true,
      "CreateMethodName": "createProperty",
      "CodeForClass": "",
      "AdditionalCode": "",
      "CodeForCollectionClass": ""
    },
    {
      "Name": "Claim",
      "PythonName": "Claim",
      "BaseClassName": "Object",
      "BaseClassPythonName": "object",
      "ObjectPropertyCollection": [
        {
          "Name": "Auto",
          "FullName": "Claim.Auto",
          "PythonName": "Auto",
          "TypeName": "Auto",
          "PythonTypeName": "Auto",
          "IsCollection": false,
          "IsCollectionOf": null,
          "IsCollectionOfPrimitiveType": false,
          "IsCollectionOfPythonType": null,
          "IsPythonPrimitiveType": false,
          "IsEnumeration": false,
          "IsDateTime": false,
          "Generate": true,
          "Order": 0,
          "UseInCreateMethod": true,
          "CreateMethodParameterOrder": 0,
          "DefaultValue": "",
          "WasNotDeclaredInThisClass": false,
          "CodeForGetter": "",
          "GenerateGetter": true,
          "CodeForSetter": "",
          "GenerateSetter": true
        },
        {
          "Name": "Capital",
          "FullName": "Claim.Capital",
          "PythonName": "Capital",
          "TypeName": "Capital",
          "PythonTypeName": "Capital",
          "IsCollection": false,
          "IsCollectionOf": null,
          "IsCollectionOfPrimitiveType": false,
          "IsCollectionOfPythonType": null,
          "IsPythonPrimitiveType": false,
          "IsEnumeration": false,
          "IsDateTime": false,
          "Generate": true,
          "Order": 1,
          "UseInCreateMethod": true,
          "CreateMethodParameterOrder": 1,
          "DefaultValue": "",
          "WasNotDeclaredInThisClass": false,
          "CodeForGetter": "",
          "GenerateGetter": true,
          "CodeForSetter": "",
          "GenerateSetter": true
        },
        {
          "Name": "Incident",
          "FullName": "Claim.Incident",
          "PythonName": "Incident",
          "TypeName": "Incident",
          "PythonTypeName": "Incident",
          "IsCollection": false,
          "IsCollectionOf": null,
          "IsCollectionOfPrimitiveType": false,
          "IsCollectionOfPythonType": null,
          "IsPythonPrimitiveType": false,
          "IsEnumeration": false,
          "IsDateTime": false,
          "Generate": true,
          "Order": 2,
          "UseInCreateMethod": true,
          "CreateMethodParameterOrder": 2,
          "DefaultValue": "",
          "WasNotDeclaredInThisClass": false,
          "CodeForGetter": "",
          "GenerateGetter": true,
          "CodeForSetter": "",
          "GenerateSetter": true
        },
        {
          "Name": "Insured",
          "FullName": "Claim.Insured",
          "PythonName": "Insured",
          "TypeName": "Insured",
          "PythonTypeName": "Insured",
          "IsCollection": false,
          "IsCollectionOf": null,
          "IsCollectionOfPrimitiveType": false,
          "IsCollectionOfPythonType": null,
          "IsPythonPrimitiveType": false,
          "IsEnumeration": false,
          "IsDateTime": false,
          "Generate": true,
          "Order": 3,
          "UseInCreateMethod": true,
          "CreateMethodParameterOrder": 3,
          "DefaultValue": "",
          "WasNotDeclaredInThisClass": false,
          "CodeForGetter": "",
          "GenerateGetter": true,
          "CodeForSetter": "",
          "GenerateSetter": true
        },
        {
          "Name": "Policy",
          "FullName": "Claim.Policy",
          "PythonName": "Policy",
          "TypeName": "Policy",
          "PythonTypeName": "Policy",
          "IsCollection": false,
          "IsCollectionOf": null,
          "IsCollectionOfPrimitiveType": false,
          "IsCollectionOfPythonType": null,
          "IsPythonPrimitiveType": false,
          "IsEnumeration": false,
          "IsDateTime": false,
          "Generate": true,
          "Order": 4,
          "UseInCreateMethod": true,
          "CreateMethodParameterOrder": 4,
          "DefaultValue": "",
          "WasNotDeclaredInThisClass": false,
          "CodeForGetter": "",
          "GenerateGetter": true,
          "CodeForSetter": "",
          "GenerateSetter": true
        },
        {
          "Name": "Property",
          "FullName": "Claim.Property",
          "PythonName": "Property",
          "TypeName": "Property",
          "PythonTypeName": "Property",
          "IsCollection": false,
          "IsCollectionOf": null,
          "IsCollectionOfPrimitiveType": false,
          "IsCollectionOfPythonType": null,
          "IsPythonPrimitiveType": false,
          "IsEnumeration": false,
          "IsDateTime": false,
          "Generate": true,
          "Order": 5,
          "UseInCreateMethod": true,
          "CreateMethodParameterOrder": 5,
          "DefaultValue": "",
          "WasNotDeclaredInThisClass": false,
          "CodeForGetter": "",
          "GenerateGetter": true,
          "CodeForSetter": "",
          "GenerateSetter": true
        },
        {
          "Name": "Age",
          "FullName": "Claim.Age",
          "PythonName": "Age",
          "TypeName": "Int32",
          "PythonTypeName": "int",
          "IsCollection": false,
          "IsCollectionOf": null,
          "IsCollectionOfPrimitiveType": false,
          "IsCollectionOfPythonType": null,
          "IsPythonPrimitiveType": true,
          "IsEnumeration": false,
          "IsDateTime": false,
          "Generate": true,
          "Order": 6,
          "UseInCreateMethod": true,
          "CreateMethodParameterOrder": 6,
          "DefaultValue": "",
          "WasNotDeclaredInThisClass": false,
          "CodeForGetter": "",
          "GenerateGetter": true,
          "CodeForSetter": "",
          "GenerateSetter": true
        },
        {
          "Name": "AuthoritiesContacted",
          "FullName": "Claim.AuthoritiesContacted",
          "PythonName": "AuthoritiesContacted",
          "TypeName": "AuthorityEnum",
          "PythonTypeName": "AuthorityEnum",
          "IsCollection": false,
          "IsCollectionOf": null,
          "IsCollectionOfPrimitiveType": false,
          "IsCollectionOfPythonType": null,
          "IsPythonPrimitiveType": false,
          "IsEnumeration": true,
          "IsDateTime": false,
          "Generate": true,
          "Order": 7,
          "UseInCreateMethod": true,
          "CreateMethodParameterOrder": 7,
          "DefaultValue": "",
          "WasNotDeclaredInThisClass": false,
          "CodeForGetter": "",
          "GenerateGetter": true,
          "CodeForSetter": "",
          "GenerateSetter": true
        },
        {
          "Name": "BodilyInjuries",
          "FullName": "Claim.BodilyInjuries",
          "PythonName": "BodilyInjuries",
          "TypeName": "Int32",
          "PythonTypeName": "int",
          "IsCollection": false,
          "IsCollectionOf": null,
          "IsCollectionOfPrimitiveType": false,
          "IsCollectionOfPythonType": null,
          "IsPythonPrimitiveType": true,
          "IsEnumeration": false,
          "IsDateTime": false,
          "Generate": true,
          "Order": 8,
          "UseInCreateMethod": true,
          "CreateMethodParameterOrder": 8,
          "DefaultValue": "",
          "WasNotDeclaredInThisClass": false,
          "CodeForGetter": "",
          "GenerateGetter": true,
          "CodeForSetter": "",
          "GenerateSetter": true
        },
        {
          "Name": "CollisionType",
          "FullName": "Claim.CollisionType",
          "PythonName": "CollisionType",
          "TypeName": "CollisionEnum",
          "PythonTypeName": "CollisionEnum",
          "IsCollection": false,
          "IsCollectionOf": null,
          "IsCollectionOfPrimitiveType": false,
          "IsCollectionOfPythonType": null,
          "IsPythonPrimitiveType": false,
          "IsEnumeration": true,
          "IsDateTime": false,
          "Generate": true,
          "Order": 9,
          "UseInCreateMethod": true,
          "CreateMethodParameterOrder": 9,
          "DefaultValue": "",
          "WasNotDeclaredInThisClass": false,
          "CodeForGetter": "",
          "GenerateGetter": true,
          "CodeForSetter": "",
          "GenerateSetter": true
        },
        {
          "Name": "FraudReported",
          "FullName": "Claim.FraudReported",
          "PythonName": "FraudReported",
          "TypeName": "ExtendedBoolean",
          "PythonTypeName": "ExtendedBoolean",
          "IsCollection": false,
          "IsCollectionOf": null,
          "IsCollectionOfPrimitiveType": false,
          "IsCollectionOfPythonType": null,
          "IsPythonPrimitiveType": false,
          "IsEnumeration": true,
          "IsDateTime": false,
          "Generate": true,
          "Order": 10,
          "UseInCreateMethod": true,
          "CreateMethodParameterOrder": 10,
          "DefaultValue": "",
          "WasNotDeclaredInThisClass": false,
          "CodeForGetter": "",
          "GenerateGetter": true,
          "CodeForSetter": "",
          "GenerateSetter": true
        },
        {
          "Name": "InjuryClaim",
          "FullName": "Claim.InjuryClaim",
          "PythonName": "InjuryClaim",
          "TypeName": "Single",
          "PythonTypeName": "float",
          "IsCollection": false,
          "IsCollectionOf": null,
          "IsCollectionOfPrimitiveType": false,
          "IsCollectionOfPythonType": null,
          "IsPythonPrimitiveType": true,
          "IsEnumeration": false,
          "IsDateTime": false,
          "Generate": true,
          "Order": 11,
          "UseInCreateMethod": true,
          "CreateMethodParameterOrder": 11,
          "DefaultValue": "",
          "WasNotDeclaredInThisClass": false,
          "CodeForGetter": "",
          "GenerateGetter": true,
          "CodeForSetter": "",
          "GenerateSetter": true
        },
        {
          "Name": "MonthsAsCustomer",
          "FullName": "Claim.MonthsAsCustomer",
          "PythonName": "MonthsAsCustomer",
          "TypeName": "Int32",
          "PythonTypeName": "int",
          "IsCollection": false,
          "IsCollectionOf": null,
          "IsCollectionOfPrimitiveType": false,
          "IsCollectionOfPythonType": null,
          "IsPythonPrimitiveType": true,
          "IsEnumeration": false,
          "IsDateTime": false,
          "Generate": true,
          "Order": 12,
          "UseInCreateMethod": true,
          "CreateMethodParameterOrder": 12,
          "DefaultValue": "",
          "WasNotDeclaredInThisClass": false,
          "CodeForGetter": "",
          "GenerateGetter": true,
          "CodeForSetter": "",
          "GenerateSetter": true
        },
        {
          "Name": "NumberOfVehiclesInvolved",
          "FullName": "Claim.NumberOfVehiclesInvolved",
          "PythonName": "NumberOfVehiclesInvolved",
          "TypeName": "Int32",
          "PythonTypeName": "int",
          "IsCollection": false,
          "IsCollectionOf": null,
          "IsCollectionOfPrimitiveType": false,
          "IsCollectionOfPythonType": null,
          "IsPythonPrimitiveType": true,
          "IsEnumeration": false,
          "IsDateTime": false,
          "Generate": true,
          "Order": 13,
          "UseInCreateMethod": true,
          "CreateMethodParameterOrder": 13,
          "DefaultValue": "",
          "WasNotDeclaredInThisClass": false,
          "CodeForGetter": "",
          "GenerateGetter": true,
          "CodeForSetter": "",
          "GenerateSetter": true
        },
        {
          "Name": "PoliceReportAvailable",
          "FullName": "Claim.PoliceReportAvailable",
          "PythonName": "PoliceReportAvailable",
          "TypeName": "ExtendedBoolean",
          "PythonTypeName": "ExtendedBoolean",
          "IsCollection": false,
          "IsCollectionOf": null,
          "IsCollectionOfPrimitiveType": false,
          "IsCollectionOfPythonType": null,
          "IsPythonPrimitiveType": false,
          "IsEnumeration": true,
          "IsDateTime": false,
          "Generate": true,
          "Order": 14,
          "UseInCreateMethod": true,
          "CreateMethodParameterOrder": 14,
          "DefaultValue": "",
          "WasNotDeclaredInThisClass": false,
          "CodeForGetter": "",
          "GenerateGetter": true,
          "CodeForSetter": "",
          "GenerateSetter": true
        },
        {
          "Name": "TotalClaimAmount",
          "FullName": "Claim.TotalClaimAmount",
          "PythonName": "TotalClaimAmount",
          "TypeName": "Single",
          "PythonTypeName": "float",
          "IsCollection": false,
          "IsCollectionOf": null,
          "IsCollectionOfPrimitiveType": false,
          "IsCollectionOfPythonType": null,
          "IsPythonPrimitiveType": true,
          "IsEnumeration": false,
          "IsDateTime": false,
          "Generate": true,
          "Order": 15,
          "UseInCreateMethod": true,
          "CreateMethodParameterOrder": 15,
          "DefaultValue": "",
          "WasNotDeclaredInThisClass": false,
          "CodeForGetter": "",
          "GenerateGetter": true,
          "CodeForSetter": "",
          "GenerateSetter": true
        },
        {
          "Name": "UmbrellaLimit",
          "FullName": "Claim.UmbrellaLimit",
          "PythonName": "UmbrellaLimit",
          "TypeName": "Single",
          "PythonTypeName": "float",
          "IsCollection": false,
          "IsCollectionOf": null,
          "IsCollectionOfPrimitiveType": false,
          "IsCollectionOfPythonType": null,
          "IsPythonPrimitiveType": true,
          "IsEnumeration": false,
          "IsDateTime": false,
          "Generate": true,
          "Order": 16,
          "UseInCreateMethod": true,
          "CreateMethodParameterOrder": 16,
          "DefaultValue": "",
          "WasNotDeclaredInThisClass": false,
          "CodeForGetter": "",
          "GenerateGetter": true,
          "CodeForSetter": "",
          "GenerateSetter": true
        },
        {
          "Name": "VehicleClaim",
          "FullName": "Claim.VehicleClaim",
          "PythonName": "VehicleClaim",
          "TypeName": "Single",
          "PythonTypeName": "float",
          "IsCollection": false,
          "IsCollectionOf": null,
          "IsCollectionOfPrimitiveType": false,
          "IsCollectionOfPythonType": null,
          "IsPythonPrimitiveType": true,
          "IsEnumeration": false,
          "IsDateTime": false,
          "Generate": true,
          "Order": 17,
          "UseInCreateMethod": true,
          "CreateMethodParameterOrder": 17,
          "DefaultValue": "",
          "WasNotDeclaredInThisClass": false,
          "CodeForGetter": "",
          "GenerateGetter": true,
          "CodeForSetter": "",
          "GenerateSetter": true
        },
        {
          "Name": "Witnesses",
          "FullName": "Claim.Witnesses",
          "PythonName": "Witnesses",
          "TypeName": "Int32",
          "PythonTypeName": "int",
          "IsCollection": false,
          "IsCollectionOf": null,
          "IsCollectionOfPrimitiveType": false,
          "IsCollectionOfPythonType": null,
          "IsPythonPrimitiveType": true,
          "IsEnumeration": false,
          "IsDateTime": false,
          "Generate": true,
          "Order": 18,
          "UseInCreateMethod": true,
          "CreateMethodParameterOrder": 18,
          "DefaultValue": "",
          "WasNotDeclaredInThisClass": false,
          "CodeForGetter": "",
          "GenerateGetter": true,
          "CodeForSetter": "",
          "GenerateSetter": true
        }
      ],
      "Generate": true,
      "Order": 6,
      "NeedsPythonCollectionClass": true,
      "GenerateCreateMethod": true,
      "CreateMethodName": "createClaim",
      "CodeForClass": "",
      "AdditionalCode": "",
      "CodeForCollectionClass": ""
    },
    {
      "Name": "Root",
      "PythonName": "Root",
      "BaseClassName": "Object",
      "BaseClassPythonName": "object",
      "ObjectPropertyCollection": [
        {
          "Name": "ClaimCollection",
          "FullName": "Root.ClaimCollection",
          "PythonName": "ClaimCollection",
          "TypeName": "IEnumerable`1",
          "PythonTypeName": "ClaimCollection",
          "IsCollection": true,
          "IsCollectionOf": "Claim",
          "IsCollectionOfPrimitiveType": false,
          "IsCollectionOfPythonType": null,
          "IsPythonPrimitiveType": false,
          "IsEnumeration": false,
          "IsDateTime": false,
          "Generate": true,
          "Order": 0,
          "UseInCreateMethod": true,
          "CreateMethodParameterOrder": 0,
          "DefaultValue": "",
          "WasNotDeclaredInThisClass": false,
          "CodeForGetter": "",
          "GenerateGetter": true,
          "CodeForSetter": "",
          "GenerateSetter": true
        }
      ],
      "Generate": true,
      "Order": 7,
      "NeedsPythonCollectionClass": false,
      "GenerateCreateMethod": true,
      "CreateMethodName": "createRoot",
      "CodeForClass": "",
      "AdditionalCode": "",
      "CodeForCollectionClass": ""
    }
  ],
  "Enums": [
    {
      "Name": "AuthorityEnum",
      "PythonName": "AuthorityEnum",
      "EnumValueCollection": [
        {
          "Name": "NoAuthority",
          "FullName": "AuthorityEnum.NoAuthority",
          "PythonName": "NoAuthority",
          "Value": "1",
          "PythonValue": "1",
          "Generate": true
        },
        {
          "Name": "Ambulance",
          "FullName": "AuthorityEnum.Ambulance",
          "PythonName": "Ambulance",
          "Value": "2",
          "PythonValue": "2",
          "Generate": true
        },
        {
          "Name": "Fire",
          "FullName": "AuthorityEnum.Fire",
          "PythonName": "Fire",
          "Value": "3",
          "PythonValue": "3",
          "Generate": true
        },
        {
          "Name": "Police",
          "FullName": "AuthorityEnum.Police",
          "PythonName": "Police",
          "Value": "4",
          "PythonValue": "4",
          "Generate": true
        },
        {
          "Name": "Other",
          "FullName": "AuthorityEnum.Other",
          "PythonName": "Other",
          "Value": "5",
          "PythonValue": "5",
          "Generate": true
        }
      ],
      "Generate": true
    },
    {
      "Name": "CollisionEnum",
      "PythonName": "CollisionEnum",
      "EnumValueCollection": [
        {
          "Name": "Front",
          "FullName": "CollisionEnum.Front",
          "PythonName": "Front",
          "Value": "1",
          "PythonValue": "1",
          "Generate": true
        },
        {
          "Name": "Rear",
          "FullName": "CollisionEnum.Rear",
          "PythonName": "Rear",
          "Value": "2",
          "PythonValue": "2",
          "Generate": true
        },
        {
          "Name": "Side",
          "FullName": "CollisionEnum.Side",
          "PythonName": "Side",
          "Value": "3",
          "PythonValue": "3",
          "Generate": true
        },
        {
          "Name": "Unknown",
          "FullName": "CollisionEnum.Unknown",
          "PythonName": "Unknown",
          "Value": "4",
          "PythonValue": "4",
          "Generate": true
        }
      ],
      "Generate": true
    },
    {
      "Name": "CslEnum",
      "PythonName": "CslEnum",
      "EnumValueCollection": [
        {
          "Name": "Csl_100_300",
          "FullName": "CslEnum.Csl_100_300",
          "PythonName": "Csl_100_300",
          "Value": "1",
          "PythonValue": "1",
          "Generate": true
        },
        {
          "Name": "Csl_250_500",
          "FullName": "CslEnum.Csl_250_500",
          "PythonName": "Csl_250_500",
          "Value": "2",
          "PythonValue": "2",
          "Generate": true
        },
        {
          "Name": "Csl_500_1000",
          "FullName": "CslEnum.Csl_500_1000",
          "PythonName": "Csl_500_1000",
          "Value": "3",
          "PythonValue": "3",
          "Generate": true
        }
      ],
      "Generate": true
    },
    {
      "Name": "EducationLevelEnum",
      "PythonName": "EducationLevelEnum",
      "EnumValueCollection": [
        {
          "Name": "Associate",
          "FullName": "EducationLevelEnum.Associate",
          "PythonName": "Associate",
          "Value": "1",
          "PythonValue": "1",
          "Generate": true
        },
        {
          "Name": "College",
          "FullName": "EducationLevelEnum.College",
          "PythonName": "College",
          "Value": "2",
          "PythonValue": "2",
          "Generate": true
        },
        {
          "Name": "HighSchool",
          "FullName": "EducationLevelEnum.HighSchool",
          "PythonName": "HighSchool",
          "Value": "3",
          "PythonValue": "3",
          "Generate": true
        },
        {
          "Name": "JD",
          "FullName": "EducationLevelEnum.JD",
          "PythonName": "JD",
          "Value": "4",
          "PythonValue": "4",
          "Generate": true
        },
        {
          "Name": "MD",
          "FullName": "EducationLevelEnum.MD",
          "PythonName": "MD",
          "Value": "5",
          "PythonValue": "5",
          "Generate": true
        },
        {
          "Name": "Masters",
          "FullName": "EducationLevelEnum.Masters",
          "PythonName": "Masters",
          "Value": "6",
          "PythonValue": "6",
          "Generate": true
        },
        {
          "Name": "PhD",
          "FullName": "EducationLevelEnum.PhD",
          "PythonName": "PhD",
          "Value": "7",
          "PythonValue": "7",
          "Generate": true
        }
      ],
      "Generate": true
    },
    {
      "Name": "IncidentSeverityEnum",
      "PythonName": "IncidentSeverityEnum",
      "EnumValueCollection": [
        {
          "Name": "TrivialDamage",
          "FullName": "IncidentSeverityEnum.TrivialDamage",
          "PythonName": "TrivialDamage",
          "Value": "1",
          "PythonValue": "1",
          "Generate": true
        },
        {
          "Name": "MinorDamage",
          "FullName": "IncidentSeverityEnum.MinorDamage",
          "PythonName": "MinorDamage",
          "Value": "2",
          "PythonValue": "2",
          "Generate": true
        },
        {
          "Name": "MajorDamage",
          "FullName": "IncidentSeverityEnum.MajorDamage",
          "PythonName": "MajorDamage",
          "Value": "3",
          "PythonValue": "3",
          "Generate": true
        },
        {
          "Name": "TotalLoss",
          "FullName": "IncidentSeverityEnum.TotalLoss",
          "PythonName": "TotalLoss",
          "Value": "4",
          "PythonValue": "4",
          "Generate": true
        }
      ],
      "Generate": true
    },
    {
      "Name": "IncidentEnum",
      "PythonName": "IncidentEnum",
      "EnumValueCollection": [
        {
          "Name": "MultiVehicleCollision",
          "FullName": "IncidentEnum.MultiVehicleCollision",
          "PythonName": "MultiVehicleCollision",
          "Value": "1",
          "PythonValue": "1",
          "Generate": true
        },
        {
          "Name": "ParkedCar",
          "FullName": "IncidentEnum.ParkedCar",
          "PythonName": "ParkedCar",
          "Value": "2",
          "PythonValue": "2",
          "Generate": true
        },
        {
          "Name": "SingleVehicleCollision",
          "FullName": "IncidentEnum.SingleVehicleCollision",
          "PythonName": "SingleVehicleCollision",
          "Value": "3",
          "PythonValue": "3",
          "Generate": true
        },
        {
          "Name": "VehicleTheft",
          "FullName": "IncidentEnum.VehicleTheft",
          "PythonName": "VehicleTheft",
          "Value": "4",
          "PythonValue": "4",
          "Generate": true
        }
      ],
      "Generate": true
    },
    {
      "Name": "ExtendedBoolean",
      "PythonName": "ExtendedBoolean",
      "EnumValueCollection": [
        {
          "Name": "Yes",
          "FullName": "ExtendedBoolean.Yes",
          "PythonName": "Yes",
          "Value": "1",
          "PythonValue": "1",
          "Generate": true
        },
        {
          "Name": "No",
          "FullName": "ExtendedBoolean.No",
          "PythonName": "No",
          "Value": "2",
          "PythonValue": "2",
          "Generate": true
        },
        {
          "Name": "Unknown",
          "FullName": "ExtendedBoolean.Unknown",
          "PythonName": "Unknown",
          "Value": "3",
          "PythonValue": "3",
          "Generate": true
        }
      ],
      "Generate": true
    },
    {
      "Name": "RelationshipEnum",
      "PythonName": "RelationshipEnum",
      "EnumValueCollection": [
        {
          "Name": "Husband",
          "FullName": "RelationshipEnum.Husband",
          "PythonName": "Husband",
          "Value": "1",
          "PythonValue": "1",
          "Generate": true
        },
        {
          "Name": "Wife",
          "FullName": "RelationshipEnum.Wife",
          "PythonName": "Wife",
          "Value": "2",
          "PythonValue": "2",
          "Generate": true
        },
        {
          "Name": "Unmarried",
          "FullName": "RelationshipEnum.Unmarried",
          "PythonName": "Unmarried",
          "Value": "3",
          "PythonValue": "3",
          "Generate": true
        },
        {
          "Name": "OwnChild",
          "FullName": "RelationshipEnum.OwnChild",
          "PythonName": "OwnChild",
          "Value": "4",
          "PythonValue": "4",
          "Generate": true
        },
        {
          "Name": "OtherRelative",
          "FullName": "RelationshipEnum.OtherRelative",
          "PythonName": "OtherRelative",
          "Value": "5",
          "PythonValue": "5",
          "Generate": true
        },
        {
          "Name": "NotInFamily",
          "FullName": "RelationshipEnum.NotInFamily",
          "PythonName": "NotInFamily",
          "Value": "6",
          "PythonValue": "6",
          "Generate": true
        }
      ],
      "Generate": true
    },
    {
      "Name": "SexEnum",
      "PythonName": "SexEnum",
      "EnumValueCollection": [
        {
          "Name": "Male",
          "FullName": "SexEnum.Male",
          "PythonName": "Male",
          "Value": "1",
          "PythonValue": "1",
          "Generate": true
        },
        {
          "Name": "Female",
          "FullName": "SexEnum.Female",
          "PythonName": "Female",
          "Value": "2",
          "PythonValue": "2",
          "Generate": true
        }
      ],
      "Generate": true
    }
  ]
}