{
    "$schema": "https://schema.management.azure.com/schemas/2015-01-01/deploymentParameters.json#",
    "contentVersion": "1.0.0.0",
    "parameters": {
        "servers_sqlserverbi2ai_name": {
            "value": null
        },
        "storageAccounts_sahackbi2ai_name": {
            "value": null
        },
        "vaults_wshackbi2ai5159975681_name": {
            "value": null
        },
        "components_wshackbi2ai3270175038_name": {
            "value": null
        },
        "accounts_cogtextanabi2ai_name": {
            "value": null
        },
        "storageAccounts_sqlvaqup64keey3vro_name": {
            "value": null
        },
        "capacities_pbiembeddedbi2ai_name": {
            "value": null
        },
        "storageAccounts_wshackbi2ai5232737806_name": {
            "value": null
        },
        "workspaces_wshackbi2ai_name": {
            "value": null
        },
        "containerGroups_bikebuyermodel_name": {
            "value": null
        },
        "registries_wshackbi2aic2379bc8_name": {
            "value": null
        },
        "actionGroups_Application_Insights_Smart_Detection_name": {
            "value": null
        },
        "smartdetectoralertrules_failure_anomalies___wshackbi2ai3270175038_name": {
            "value": null
        }
    }
}